{
  "interactionModel": {
    "languageModel": {
      "invocationName": "the weekly tips",
      "intents": [
        {
          "name": "AMAZON.CancelIntent",
          "samples": []
        },
        {
          "name": "AMAZON.HelpIntent",
          "samples": []
        },
        {
          "name": "AMAZON.StopIntent",
          "samples": []
        },
        {
          "name": "HelloWorldIntent",
          "slots": [],
          "samples": [
            "hello",
            "how are you",
            "say hi world",
            "say hi",
            "hi",
            "say hello world",
            "say hello"
          ]
        },
        {
          "name": "AMAZON.NavigateHomeIntent",
          "samples": []
        },
        {
          "name": "AMAZON.ReadAction\u003cobject@Calendar\u003e",
          "samples": []
        },
        {
          "name": "getFact",
          "slots": [
            {
              "name": "day",
              "type": "AMAZON.DayOfWeek"
            }
          ],
          "samples": [
            "What is the fact for {day}"
          ]
        }
      ],
      "types": []
    }
  },
  "version": "3"
}